{"cameraMode":{"drawMode":0,"name":"Shaded","section":"Shading Mode"},"sceneLighting":true,"audioPlay":false,"sceneViewState":{"showFog":true,"showMaterialUpdate":false,"showSkybox":true,"showFlares":true,"showImageEffects":true,"showParticleSystems":true},"in2DMode":false,"pivot":{"x":-1.4853025674819947,"y":12.157356262207032,"z":-12.016125679016114},"rotation":{"x":0.32857611775398257,"y":-0.006234428845345974,"z":0.00216828309930861,"w":0.9444594383239746},"size":6.935322284698486,"orthographic":false}