{"cameraMode":{"drawMode":0,"name":"Shaded","section":"Shading Mode"},"sceneLighting":true,"audioPlay":false,"sceneViewState":{"showFog":true,"showMaterialUpdate":false,"showSkybox":true,"showFlares":true,"showImageEffects":true,"showParticleSystems":true},"in2DMode":false,"pivot":{"x":1.4636976718902588,"y":1.8613412380218506,"z":9.769248008728028},"rotation":{"x":-0.03266780823469162,"y":0.04168669879436493,"z":0.0013421426992863417,"w":0.9986152648925781},"size":6.223171234130859,"orthographic":false}