{"cameraMode":{"drawMode":0,"name":"Shaded","section":"Shading Mode"},"sceneLighting":true,"audioPlay":false,"sceneViewState":{"showFog":true,"showMaterialUpdate":false,"showSkybox":true,"showFlares":true,"showImageEffects":true,"showParticleSystems":true},"in2DMode":false,"pivot":{"x":-5.626521110534668,"y":1.5527945756912232,"z":44.16333770751953},"rotation":{"x":-0.15160170197486878,"y":0.7081020474433899,"z":0.16008324921131135,"w":0.6708320379257202},"size":1.2745766639709473,"orthographic":false}